year,Jan,Feb,Mar,Apr,May,Jun,Jul,Aug,Sep,Oct,Nov,Dec,Annual
2022,0.0025465020329789034,-0.052794333970274,-0.045935359327938796,-0.01409749221014378,0.046507733332610934,0.05585984628874319,-0.08127770420778369,0.027889193468390916,-0.01397830073657369,-0.013178423416587481,0.008791058708423227,0.018869070911188945,-0.06785264877407582
2023,-0.07728356046174312,0.002026479642205148,-0.005061665250795766,-0.02615690254943126,-0.004462632580506387,0.00947521845248911,-0.05544387247033633,0.028112750041616952,-0.03011866661941709,0.03407369425004658,-0.022648156427424904,-0.030002951141279155,-0.16872294228011786
2024,-0.011231820503983747,-0.01640299410129642,0.006572784808484666,-0.012777244684974542,0.07686160610261461,0.06968592145423536,-0.00828526798498419,-0.04196934202142388,-0.06363136528505808,0.024005986518198075,-0.054309847237609676,0.037255901509874345,-0.005193760555559979
2025,0.05675089906008224,9.258556751934321e-05,0.048353758082092524,-0.05199245114082973,0.01069143399746153,0.03762498564042027,-0.038947552029795385,0.025595313048013324,-0.09647290913014295,0.1232276873674305,0.03729162177190637,0.033875405184076834,0.18166034404733478
