year,Jan,Feb,Mar,Apr,May,Jun,Jul,Aug,Sep,Oct,Nov,Dec,Annual
2022,0.0020002648719195104,-0.0421717986885477,-0.04031456199086347,-0.04362815255095409,0.11484532209187792,0.1519432190843677,-0.12853510520986944,-0.010454185621623258,-0.015506432619775912,-0.010777089534250717,0.03902361171351698,0.015001987353973512,0.0019406452497867654
2023,-0.11252270141483423,0.011280570932476586,-0.013105195548578807,-0.039330812398613246,0.01083887415470608,0.06601590603139673,-0.03982188168714573,0.012781913102025477,-0.011152127249501764,0.03405736030636475,-0.033748050342752633,-0.06834580327664719,-0.17925878370605208
2024,0.0058138098572610986,0.00412682221206051,0.04876075210986719,-0.03181413288381474,0.050715538350089684,0.10229310596262842,-0.03153463101764076,-0.05617895962519348,-0.08112989353536493,0.030419178272960146,-0.04837603852548533,0.05541646748132889,0.03241573469947845
2025,0.07046188135959786,0.019157556883216964,0.06797665265944675,-0.057428638293884116,0.02838546748649451,0.05658953418374901,-0.0069447568479529265,0.04190338170596908,-0.010265338983978745,0.1862242757598691,0.024463798565905304,0.04891291895608707,0.5576621417246621
