year,Jan,Feb,Mar,Apr,May,Jun,Jul,Aug,Sep,Oct,Nov,Dec,Annual
2022,0.0016626839580253794,-0.055266663106178004,-0.04694569319965358,-0.04723025699498684,0.09874155294774756,0.15903778974050553,-0.19589423899190705,0.047259708698241365,-0.04129800063603151,-0.03747998977906741,0.020358060808594036,0.03283922273366979,-0.10386017765225997
2023,-0.24447850482386801,-0.005231407482244821,-0.0005448398603477012,-0.008997793621844163,-0.010019000378019394,0.10224241007824575,-0.048942469759410745,0.029679306419605034,-0.028695841983158554,0.01750966724704739,-0.16049674029249805,-0.19089683520953682,-0.4660019707218539
2024,-0.007997508904030393,-0.10532316683140575,0.028057370138111493,-0.004977096099200384,0.05882026304980048,0.0958356597277612,-0.017150697103572643,-0.008609319502910995,-0.11070864243304601,-0.008880573206134001,-0.18443689382081985,0.09114638214488613,-0.1949191978553496
2025,0.05303748798379937,0.022381557144121267,0.06041082024055755,-0.071435172203699,0.0005930373193347993,0.01935561267988306,0.0077834756776804515,0.03666939661209656,-0.003257686234395041,0.1837370045747615,0.08083869067710503,0.05575131975698211,0.5208786389551441
