year,Jan,Feb,Mar,Apr,May,Jun,Jul,Aug,Sep,Oct,Nov,Dec,Annual
2022,0.0012226763734877188,-0.04535952040767266,-0.03780561144548922,-0.0384202773849458,0.11812565238580475,0.13998923931005192,-0.16772181462658353,-0.010677408337960492,-0.03438941246898186,-0.030752360440012394,0.05026097760119841,0.036636746337070036,-0.054248495529934826
2023,-0.23233117696920536,-0.023118743060244307,0.006465532032911447,-0.01949276876043682,-0.003554995398838523,0.07818106599822139,-0.01831185652864986,0.02839462879408461,-0.024775894578022872,0.0008226591581468323,-0.13203416720407757,-0.15010471989705443,-0.42207248421383814
2024,0.005034734771280469,-0.06710396928595908,0.02611193932305178,-0.003728151148390202,0.06885452607285458,0.09643200616989134,-0.028211734359638196,-0.029133436965103843,-0.10534674332144989,0.012440723368297268,-0.1650846982040547,0.010574433012160211,-0.19005879032566875
2025,0.07107534473148913,0.02041052010090416,0.10247089567660939,-0.07714172871833846,-0.006821672880858443,0.051695076443952326,-0.005803958169600332,0.03867116031622175,-0.031580605396948735,0.18503456752575742,0.04881605059462002,0.04813725318850892,0.5131300252442954
