year,Jan,Feb,Mar,Apr,May,Jun,Jul,Aug,Sep,Oct,Nov,Dec,Annual
2022,0.0012226763734877188,-0.04535952040767266,-0.03780561144548922,-0.0384202773849458,0.11812565238580475,0.13998923931005192,-0.16772181462658353,-0.010677408337960492,-0.03438941246898186,-0.030752360440012394,0.05026097760119841,0.036636746337070036,-0.054248495529934826
2023,-0.195094670267002,-0.022717524492750107,-0.013922219591879226,-0.036790291088072746,-0.008852786016535052,0.05754810548838929,-0.05077637600460472,0.03250527176497231,-0.0313969553812965,0.040035909549453796,-0.09306339681378728,-0.18272444032199542,-0.426893074175558
2024,0.018016480303299165,-0.01953350682934618,0.05653974528591066,-0.009456343438081882,0.048575076647888515,0.11179254227385682,-0.044370991728683196,-0.04989263643589714,-0.11615091009445344,0.03630589372329052,-0.07533178089953096,0.06983478091718909,0.0018461935555089681
2025,0.059768687339289084,0.009041366565015752,0.10751629953305297,-0.08518985222342856,0.014769514013847074,0.05983157654131843,-0.010893428612648082,0.05266220360953899,-0.0329663232704247,0.19108512066766803,0.054740116276618345,0.04488456395799956,0.5400531634697976
