,composite,horizon,volatility,liquidity,volume_compression,reversal_1w
0,Fast,1,0.32954545454545453,0.3409090909090909,0.13636363636363635,0.1931818181818182
