,composite,horizon,volatility,liquidity,momentum_30d,taker_buy_contrarian
0,Slow,20,0.3977272727272727,0.3409090909090909,0.17045454545454544,0.09090909090909091
